Phi,V,DV,DDV
0.0,-2.999782551175364,0.0009122916102541865,-2.999567516137463
0.027486710012153255,-3.000898887268484,-0.08233584659598414,-3.043070244648091
0.05497342002430651,-3.0043100803124068,-0.1657591206724819,-3.019414737551787
0.08246013003645977,-3.010001029123968,-0.2481093095575462,-2.9723586046435297
0.10994684004861302,-3.0179388825620115,-0.32933778150597354,-2.9444761575713945
0.13743355006076627,-3.028104803440044,-0.41047832374221116,-2.9707818197760623
0.16492026007291954,-3.0405199191830174,-0.49333299246090145,-3.070426800250416
0.1924069700850728,-3.0552587225409065,-0.5798290805018405,-3.228495750417806
0.21989368009722604,-3.072434848697338,-0.6705205771992507,-3.349744192359093
0.2473803901093793,-3.0921259192146033,-0.7616646201783527,-3.217910031515837
0.27486710012153254,-3.1142185127218465,-0.843167467818132,-2.63600086906399
0.3023538101336858,-3.138284249185003,-0.903977498779597,-1.7879806501199824
0.3298405201458391,-3.163722096131321,-0.9445124657188237,-1.264625153722768
0.35732723015799234,-3.1901607713503024,-0.9799651630156088,-1.4177098199341007
0.3848139401701456,-3.217689897149748,-1.0252039739741052,-1.8586710024022428
0.41230065018229883,-3.246594597954898,-1.0780560236777577,-1.8723327432084873
0.4397873601944521,-3.2768678583190414,-1.1215234762216546,-1.1837379941889723
0.46727407020660533,-3.3080054241112045,-1.1387588054834812,-0.01804705168307603
0.4947607802187586,-3.3391448049616814,-1.1207702319276631,1.3435579368598893
0.5222474902309119,-3.369266355167067,-1.0644890296092893,2.7521171229577277
0.5497342002430651,-3.3973105046599295,-0.9697489130273824,4.131261923504928
0.5772209102552184,-3.422239155131874,-0.8382154329690779,5.419297671342548
0.6047076202673716,-3.443082719201521,-0.6731819014473488,6.560535060781813
0.6321943302795249,-3.4589814205858733,-0.47926513308751145,7.516761297541207
0.6596810402916782,-3.4692133130603633,-0.26173659706299446,8.280308621788958
0.6871677503038314,-3.4731997412565394,-0.025587303849918166,8.879009490883854
0.7146544603159847,-3.470494287364772,0.2238234069505969,9.178317149561131
0.7421411703281379,-3.460889693104657,0.47384630483716966,8.91961517869994
0.7696278803402912,-3.444582415696773,0.7088858505284354,8.084071119497379
0.7971145903524444,-3.4222059447525885,0.912651171468263,6.635839023543588
0.8246013003645977,-3.3948585905639397,1.0674724775274183,4.508778475734051
0.8520880103767509,-3.3641537968303976,1.1533757297220768,1.601873607461248
0.8795747203889042,-3.332295384275919,1.1472976977321798,-2.202649800857454
0.9070614304010575,-3.302162914062751,1.0233141604437859,-6.982602291046817
0.9345481404132107,-3.2773655958305503,0.7547760458748015,-12.704347270125847
0.962034850425364,-3.262218133451419,0.31739976412853943,-19.250843143972187
0.9895215604375172,-3.2616671491804965,-0.3111367388380887,-26.639611345775542
1.0170082704496703,-3.2813091741631473,-1.1566501479692852,-35.06062915726347
1.0444949804618238,-3.3275042948875733,-2.2479596793327628,-44.52815574866905
1.071981690473977,-3.407424267398234,-3.616425970123375,-55.262751046416966
1.0994684004861301,-3.5291602526204837,-5.295450421584769,-67.07542334146338
1.1269551104982836,-3.7016628464330137,-7.316680337678987,-80.25698813948527
1.1544418205104368,-3.934867050626602,-9.717075061140324,-94.49717585266515
1.18192853052259,-4.2395307901480805,-12.521292942798771,-109.86420926678292
1.2094152405347431,-4.627318592930263,-15.773344581104253,-126.90259179958383
1.2369019505468966,-5.110996864863464,-19.50053877018705,-144.4787172507804
1.2643886605590497,-5.703977425578378,-23.7359056955261,-164.01575562166894
1.291875370571203,-6.420893117814821,-28.520545210980575,-184.10615730634964
1.3193620805833564,-7.276974150656557,-33.86643729400357,-205.13706068314215
1.3468487905955095,-8.288056749073485,-39.80024359708844,-226.4906429413009
1.3743355006076627,-9.470247163682922,-46.3159479127397,-247.69189230897774
1.401822210619816,-10.839536576410161,-53.41075079769532,-268.1256341935523
1.4293089206319693,-12.4112049950259,-61.02854484840142,-285.837079427734
1.4567956306441225,-14.198788005683054,-69.11718653040312,-302.5657206024274
1.4842823406562757,-16.21479318115363,-77.63664506862575,-316.580720380605
1.5117690506684291,-18.46968407772991,-86.47841139550333,-326.17603523129435
1.5392557606805823,-20.97088743825046,-95.54986118084031,-333.7547943414113
1.5667424706927355,-23.724209445080305,-104.8198563527278,-340.56076309822635
1.5942291807048887,-26.734704459120202,-114.25314569981462,-345.3470170107573
1.6217158907170421,-30.00589093172961,-123.772208723585,-346.6170380691628
1.6492026007291953,-33.538703094923584,-133.27187041463483,-344.04633366414174
1.6766893107413485,-37.331341964080494,-142.67066635047516,-339.97405119127137
1.704176020753502,-41.38107622903724,-151.99551004526734,-339.49051649806205
1.7316627307656551,-45.687618641546564,-161.37778050683167,-343.43103984852377
1.7591494407778083,-50.25346754042469,-170.85391214443848,-345.57783088306087
1.7866361507899615,-55.08058018298171,-180.4016448292087,-350.7957553863477
1.814122860802115,-60.173361998165625,-190.22481173815504,-364.2006814100869
1.8416095708142681,-65.54081531556369,-200.3590224533567,-372.0920604118504
1.8690962808264213,-71.18963259599607,-210.71015575144904,-382.2600124910749
1.8965829908385747,-77.12694355376263,-221.33038521070108,-388.312674089977
1.924069700850728,-83.35767568436142,-232.0639715994916,-395.1493586411468
1.9515564108628811,-89.8868022451556,-243.02388750057725,-397.40911018368536
1.9790431208750343,-96.71509657027157,-253.7742387848638,-388.8095489749308
2.0065298308871875,-103.83902988107263,-264.63711460062444,-399.2711504690275
2.0340165408993407,-111.26178164060485,-275.35321063324477,-377.88457285584116
2.0615032509114943,-118.9723685015304,-285.7134729716729,-382.024527652072
2.0889899609236475,-126.97004491293085,-296.147480183806,-366.98977242476434
2.1164766709358007,-135.24369389243893,-305.70623518678474,-333.34751224860975
2.143963380947954,-143.7692127972157,-314.4480389791182,-291.68176231235094
2.171450090960107,-152.51123873970047,-321.21810659544036,-200.51435316001192
2.1989368009722603,-161.40413546527563,-325.3399122961824,-87.0526067406945
2.2264235109844135,-170.35722377374373,-325.23229133685834,102.39318811027454
2.253910220996567,-179.23223707691068,-319.57223775413945,314.16465940766386
2.2813969310087203,-187.86420376566974,-307.1287733001508,617.9635044358438
2.3088836410208735,-196.01609297662117,-283.7016273907949,1124.4613298013694
2.3363703510330267,-203.30604245241955,-243.54273562979176,1817.4145807112573
2.36385706104518,-209.2213777414779,-183.51592763245503,2552.376788134305
2.391343771057333,-213.19998588067088,-102.14920986327036,3371.5670637291914
2.4188304810694863,-214.69673764958932,-7.558195331631566,3241.9606955327663
2.44631719108164,-213.4446189535206,120.51096419924147,7738.617964363763
2.473803901093793,-207.6655621112314,248.09583434171327,-55.79638630164641
2.5012906111059463,-181.07800142444486,3090.2347849740413,244731.91703210215
2.5287773211180995,-53.37151309488665,12719.369082978501,1989036.9683065454
2.5562640311302527,53.74851326223358,13.30375229906764,-20513.173976085032
2.583750741142406,50.657099182421845,-98.48624531370109,7572.6567810632405
2.611237451154559,51.60710862790751,178.59811684450773,12034.086435300895
2.6387241611667127,59.00966758055682,255.03167811861124,-8711.579205579754
2.666210871178866,0.474714464256067,-20396.845026393774,-1272618.654505892
2.693697581191019,-214.87356263596675,-7025.609655063237,-189692.39331504828
2.7211842912031723,-428.91523207858114,-6781.630829215486,189104.5248140926
